Source,Target,Weight
123Movies,wholecloud,2
123Movies,bitvid,1
123Movies,realvid,6
123Movies,embed,2
123Movies,videomega,2
123Movies,vodlocker,2496
123Movies,vidzi,2560
123Movies,cloudtime,3
123Movies,auroravid,1
123Movies,goodvideohost,2
123Movies,movpod,2
123Movies,allmyvideos,825
123Movies,vid,4
123Movies,videowood,2
123Movies,letwatch,2
123Movies,neodrive,4
123Movies,vidspot,4
123Movies,movshare,3
123Movies,cdn,2
123Movies,180upload,2
123Movies,thefile,2
123Movies,vidto,8
123Movies,vidbull,1848
123Movies,vidgg,4
123Movies,daclips,2
123Movies,yourvideohost,2
123Movies,streamin,1444
123Movies,zalaa,2
123Movies,s,1
123Movies,openload,1748
123Movies,movreel,1
123Movies,flashx,912
123Movies,idowatch,2
123Movies,filehoot,5
123Movies,uploadc,1
123Movies,entervideo,6241
123Movies,thevideo,2079
123Movies,uptostream,2
123Movies,novamov,2
HouseMovies,gamovideo,1
HouseMovies,instaupload,1
HouseMovies,thevideobee,14
HouseMovies,wholecloud,155
HouseMovies,vidxtreme,5
HouseMovies,billionuploads,74
HouseMovies,bitvid,24
HouseMovies,dixvpress,1
HouseMovies,movshare,362
HouseMovies,vshare,75
HouseMovies,cloudzilla,95
HouseMovies,tomwans,23
HouseMovies,youwatch.org,30
HouseMovies,videoweed.es,30
HouseMovies,gorillavid,3
HouseMovies,flashx.cc,2
HouseMovies,streamin,436
HouseMovies,2gb-hosting,28
HouseMovies,watchers,42
HouseMovies,movreel,6
HouseMovies,clicktowatch,4
HouseMovies,sharerepo,138
HouseMovies,videomega,2
HouseMovies,streamcloud,1090
HouseMovies,filego.org,17
HouseMovies,fleon,2
HouseMovies,userscloud,1
HouseMovies,vidstream,932
HouseMovies,briskfile,5
HouseMovies,mightyupload,421
HouseMovies,vidbux,101
HouseMovies,bitshare,20
HouseMovies,flashvids,6
HouseMovies,mrfile,3
HouseMovies,vidreel,1
HouseMovies,awaps,23
HouseMovies,veoh,1
HouseMovies,divxhosted,8
HouseMovies,daclips,3
HouseMovies,vids.bz,1
HouseMovies,ipithos,1
HouseMovies,flashstream.in,2
HouseMovies,megafiles.se,5
HouseMovies,idowatch,3
HouseMovies,putstream,2
HouseMovies,nosvideo,363
HouseMovies,vreer,2
HouseMovies,divxstage,255
HouseMovies,beta.miloyski,28
HouseMovies,rapidvideo.ws,60
HouseMovies,tubemotion,2
HouseMovies,noslocker,58
HouseMovies,xvidstage,251
HouseMovies,waaw,23
HouseMovies,videoize,5
HouseMovies,thefile,197
HouseMovies,yourvideohost,2
HouseMovies,allvid.ch,1
HouseMovies,dotsemper,1
HouseMovies,boxstreams,948
HouseMovies,filehoot,17
HouseMovies,oboom,1
HouseMovies,video.tt,7
HouseMovies,loadus,1
HouseMovies,vureel,1
HouseMovies,promptfile,677
HouseMovies,donevideo,1
HouseMovies,cloudtime,544
HouseMovies,fandango,4
HouseMovies,filenuke,269
HouseMovies,1fichier,1
HouseMovies,vidzi,578
HouseMovies,fastvideo.in,16
HouseMovies,zstream,9
HouseMovies,faststream.in,21
HouseMovies,firedrive,24
HouseMovies,tocloud,1209
HouseMovies,betavidup,81
HouseMovies,faststream,934
HouseMovies,novamov,207
HouseMovies,vidtodo,69
HouseMovies,movpod,7
HouseMovies,megavideoz,3
HouseMovies,happystreams,10
HouseMovies,vid.ag,244
HouseMovies,hulu,1
HouseMovies,vidlockers.ag,14
HouseMovies,ginbig,6
HouseMovies,rocketfile,1
HouseMovies,zalaa,260
HouseMovies,realvid,203
HouseMovies,thevideos,1
HouseMovies,vidxden,84
HouseMovies,veervid,1
HouseMovies,openload,1474
HouseMovies,tiny.cc,1
HouseMovies,uploadrocket,1
HouseMovies,vid.gg,1
HouseMovies,madevid,1
HouseMovies,tune.pk,1
HouseMovies,watchonline,2
HouseMovies,vidgg,2
HouseMovies,estream,33
HouseMovies,zettahost,3
HouseMovies,amazon,13
HouseMovies,filebox,9
HouseMovies,stream4k,2
HouseMovies,vidup,50
HouseMovies,tusfiles,1
HouseMovies,royalvids,1
HouseMovies,beststreams,184
HouseMovies,lenfile,1
HouseMovies,nowvideo,706
HouseMovies,v-vids,1
HouseMovies,vee,43
HouseMovies,watchfreein,4
HouseMovies,gorillavid.in,21
HouseMovies,daclips.in,5
HouseMovies,mooshare.biz,40
HouseMovies,exashare,8
HouseMovies,sockshare,27
HouseMovies,videozed,4
HouseMovies,vidzbeez,1
HouseMovies,potlocker,6
HouseMovies,uploadc,338
HouseMovies,videoserver.biz,2
HouseMovies,mega-vids,11
HouseMovies,play.flashx,3
HouseMovies,imdb,1
HouseMovies,vidhog,47
HouseMovies,videoslasher,8
HouseMovies,goo.gl,6
HouseMovies,movdivx,53
HouseMovies,vodlocker,740
HouseMovies,primeshare,133
HouseMovies,gigabyteupload,40
HouseMovies,allmyvideo,254
HouseMovies,putlocker,7
HouseMovies,neodrive,99
HouseMovies,netu,66
HouseMovies,vidto,548
HouseMovies,streamplay,2
HouseMovies,flashx,267
HouseMovies,movpod.in,16
HouseMovies,vidbull,557
HouseMovies,hostingbulk,8
HouseMovies,modovideo,1
HouseMovies,speedvid,34
HouseMovies,rapidvideo,9
HouseMovies,vodmine,1
HouseMovies,thevideo,880
HouseMovies,clicktoview.org,44
HouseMovies,youtube,16
HouseMovies,nowdownload.ch,6
HouseMovies,powvideo,4
HouseMovies,videoweed,417
HouseMovies,played,76
HouseMovies,vidspot,9
HouseMovies,play.google,3
HouseMovies,flashx.space,2
HouseMovies,mightyload,3
HouseMovies,allmyvideos,3
HouseMovies,videowood,1
HouseMovies,letwatch,855
HouseMovies,nowvideo.ch,6
HouseMovies,auroravid,122
HouseMovies,sharesix,337
HouseMovies,divxhosting,37
HouseMovies,trailer,50
HouseMovies,cloudyvideos,21
HouseMovies,altervideo,19
HouseMovies,goodvideohost,3
HouseMovies,itunes.apple,9
HouseMovies,streame,1
HouseMovies,yamivideo,8
HouseMovies,shared,954
HouseMovies,vudu,7
HouseMovies,stagevu,8
HouseMovies,fullmoviestream,1013
HugeMovieDB,mojvideo,234
HugeMovieDB,videoapi,234
HugeMovieDB,openload,3015
HugeMovieDB,videoraj,1050
HugeMovieDB,moonwalk,234
HugeMovieDB,vid,468
HugeMovieDB,letwatch,234
HugeMovieDB,vidzi,1506
HugeMovieDB,vidto,234
HugeMovieDB,movsharing,1323
HugeMovieDB,lh3,234
HugeMovieDB,cloudyvideos,230
HugeMovieDB,vidbull,234
HugeMovieDB,online-free-movie,1434
HugeMovieDB,estream,798
HugeMovieDB,shitmovie,234
HugeMovieDB,streamin,1321
HugeMovieDB,thevideos,4620
HugeMovieDB,vodlocker,1501
HugeMovieDB,vidshark,234
HugeMovieDB,putstream,468
HugeMovieDB,stagevu,300
HugeMovieDB,thevideo,720
HugeMovieDB,mightyupload,305
HugeMovieDB,youtube,840
HugeMovieDB,streamland,1920
Movie4k,ginbig,1
Movie4k,wholecloud,1
Movie4k,faststream,1
Movie4k,instaupload,1
Movie4k,movdivx,858
Movie4k,flashstream,1
Movie4k,vodlocker,4
Movie4k,9,1
Movie4k,vidzi,1248
Movie4k,megafiles,1
Movie4k,billionuploads,3
Movie4k,xvidstage,2
Movie4k,megadrive,1
Movie4k,waaw,3
Movie4k,gigabyteupload,3
Movie4k,netu,2
Movie4k,zalaa,874
Movie4k,movshare,1602
Movie4k,bestreams,1
Movie4k,vids,1
Movie4k,usefile,1
Movie4k,180upload,3
Movie4k,thefile,5
Movie4k,tomwans,1
Movie4k,vidbull,2
Movie4k,gorillavid,1
Movie4k,rocketfiles,1
Movie4k,streamin,5
Movie4k,deditv,1
Movie4k,speedvid,1
Movie4k,vidhog,3
Movie4k,videoferret,1
Movie4k,flashvids,1
Movie4k,nowvideo,1170
Movie4k,sharerepo,2
Movie4k,streamcloud,1520
Movie4k,embed,1
Movie4k,watchfreein,1
Movie4k,vidxden,3
Movie4k,videoweed,1
Movie4k,cloudtime,2
Movie4k,mightyupload,1001
Movie4k,allmyvideos,2
Movie4k,vidbox,1
Movie4k,veohcast,1
Movie4k,thevideo,7
Movie4k,2gb-hosting,3
Movie4k,vidreel,1
Movie4k,filesaur,1
Movie4k,divxhosting,1
Movie4k,video,1
Movie4k,divxhosted,2
Movie4k,uploadc,1092
Movie4k,veevr,1
Movie4k,clicktoview,780
Movie4k,beta,1
Movie4k,yamivideo,3
Movie4k,shared,8
Movie4k,nosvideo,6
Movie4k,played,1
Movie4k,vidbux,8
Movie4k,divxstage,1840
Movie4k,nowvideos,1
Movie4k,novamov,5
MovieRill,youtube,9612
MovieRill,openload,10356
MovieToWatch,openload,6846
MovieToWatch,mg,4
MovieToWatch,youtube,5124
MovieToWatch,userscloud,16
MovieToWatch,sh,14
MovieToWatch,stream,10
MovieToWatch,drive,17
MovieToWatch,watchers,210
ProjectFreeTV,thevideo,4247
ProjectFreeTV,vidbull,4050
ProjectFreeTV,vidzi,551
ProjectFreeTV,vshare,4096
ProjectFreeTV,streamin,420
ProjectFreeTV,vidto,4416
ProjectFreeTV,vodlocker.,3936
ProjectFreeTV,openload,651
Putlockers,wholecloud,7
Putlockers,thevideobee,47
Putlockers,realvid,21
Putlockers,vidzi,1648
Putlockers,oload,1
Putlockers,PutLocker,10
Putlockers,uptostream,2
Putlockers,fileloby,98
Putlockers,watchers,444
Putlockers,bestreams,108
Putlockers,mrfile,11
Putlockers,putload,33
Putlockers,watchonline,32
Putlockers,tubemotion,1
Putlockers,vidgg,1
Putlockers,vidtodo,108
Putlockers,estream,262
Putlockers,noslocker,18
Putlockers,zalaa,5
Putlockers,videostreamer,2
Putlockers,ul,1
Putlockers,playedto,131
Putlockers,exashare,11
Putlockers,vidup,160
Putlockers,vodbeast,10
Putlockers,movreel,1
Putlockers,nl4,1
Putlockers,speedvideo,4
Putlockers,uploadC,4
Putlockers,nowvideo,321
Putlockers,v-vids,4
Putlockers,videomega,104
Putlockers,StreamCloud,14
Putlockers,vidxtreme,1
Putlockers,userscloud,57
Putlockers,vidabc,66
Putlockers,vodlock,16
Putlockers,mightyupload,105
Putlockers,vidbux,2
Putlockers,Novamov,11
Putlockers,vidspot,9
Putlockers,xvidstage,83
Putlockers,youwatch,43
Putlockers,openload,2930
Putlockers,videosprout,1
Putlockers,watchmoviesall,152
Putlockers,daclips,3
Putlockers,vshare,292
Putlockers,stage66,1
Putlockers,MovShare,23
Putlockers,idowatch,9
Putlockers,abtak56,1
Putlockers,imdb,6
Putlockers,divxstage,1
Putlockers,sharerepo,12
Putlockers,Swiftupload,1
Putlockers,watchvideo,2
Putlockers,movdivx,2
Putlockers,vodlocker,4754
Putlockers,goodvideohost,1
Putlockers,vee,6
Putlockers,waaw,22
Putlockers,vid,224
Putlockers,idownloadplay,323
Putlockers,neodrive,3
Putlockers,netu,3
Putlockers,ads-center,1
Putlockers,junkyvideo,5
Putlockers,vidto,1134
Putlockers,streamplay,14
Putlockers,180upload,5
Putlockers,vidxDen,10
Putlockers,vidlockers,6
Putlockers,video,1
Putlockers,yourvideohost,5
Putlockers,allvid,1
Putlockers,fileweed,2
Putlockers,uploadkadeh,39
Putlockers,speedvid,92
Putlockers,tellymov,5
Putlockers,rapidvideo,60
Putlockers,vodmine,4
Putlockers,filehoot,287
Putlockers,NosVideo,90
Putlockers,thevideo,2719
Putlockers,loadus,25
Putlockers,streamin,2026
Putlockers,promptfile,14
Putlockers,YouTube,2
Putlockers,powvideo,5
Putlockers,thefile,22
Putlockers,videoweed,2
Putlockers,cloudtime,11
Putlockers,vidce,39
Putlockers,filenuke,32
Putlockers,allmyvideos,61
Putlockers,videowood,23
Putlockers,letwatch,79
Putlockers,vidlox,178
Putlockers,swiftupload,3
Putlockers,myvideoz,17
Putlockers,sharesix,12
Putlockers,uploadz,1
Putlockers,cloudyvideos,10
Putlockers,vidbull,2550
Putlockers,zstream,53
Putlockers,StageVu,4
Putlockers,movpod,4
Putlockers,streame,109
Putlockers,beta,76
Putlockers,flashx,409
Putlockers,happystreams,25
Putlockers,videohub,2
Sockshare,movdivx,193
Sockshare,vodlocker,1893
Sockshare,primeshare,67
Sockshare,goodvideohost,9
Sockshare,videomega,25
Sockshare,neodrive,4
Sockshare,movshare,100
Sockshare,bestreams,167
Sockshare,flashx,494
Sockshare,thefile,210
Sockshare,vidto,2845
Sockshare,vidbull,3073
Sockshare,gorillavid,75
Sockshare,vshare,1087
Sockshare,videott,159
Sockshare,zalaa,142
Sockshare,vidag,50
Sockshare,filehoot,104
Sockshare,thevideo,4206
Sockshare,google,231
Sockshare,nowvideo,484
Sockshare,sharerepo,152
Sockshare,promptfile,25
Sockshare,videoweed,516
Sockshare,vidspot,159
Sockshare,uploadable,134
Sockshare,cloudtime,316
Sockshare,filenuke,236
Sockshare,allmyvideos,423
Sockshare,vidbux,67
Sockshare,videowood,25
Sockshare,letwatch,27
Sockshare,vidzi,3468
Sockshare,billionupload,67
Sockshare,openload,4388
Sockshare,sharesix,124
Sockshare,veoh,453
Sockshare,vidgg,28
Sockshare,daclips,4
Sockshare,uploadc,159
Sockshare,movpod,14
Sockshare,putstream,25
Sockshare,nosvideo,565
Sockshare,happystreams,25
Sockshare,novamov,139
Sockshare,streamin,3091
WatchFree,divxstage,360
WatchFree,bitvid,195
WatchFree,thevideobee,1392
WatchFree,tubemotion,5
WatchFree,bcp,1427
WatchFree,vodlocker,887
WatchFree,vidzi,3156
WatchFree,openload,4255
WatchFree,vid,566
WatchFree,thevideo,3310
WatchFree,neodrive,492
WatchFree,vee,92
WatchFree,movshare,918
WatchFree,bestreams,419
WatchFree,thefile,227
WatchFree,cloudzilla,108
WatchFree,vidlockers,215
WatchFree,video,76
WatchFree,vidtodo,1959
WatchFree,gorillavid,120
WatchFree,vshare,1590
WatchFree,noslocker,956
WatchFree,zalaa,339
WatchFree,tudou,2
WatchFree,playedto,896
WatchFree,movdivx,1760
WatchFree,vidup,2684
WatchFree,promptfile,2170
WatchFree,platform,2281
WatchFree,facebook,2754
WatchFree,royalvids,2
WatchFree,youtube,44
WatchFree,nowvideo,1254
WatchFree,sharerepo,414
WatchFree,divxme,1699
WatchFree,videoweed,795
WatchFree,vidto,1774
WatchFree,vidspot,16
WatchFree,auroravid,191
WatchFree,cloudtime,836
WatchFree,briskfile,1542
WatchFree,mightyupload,95
WatchFree,movpod,155
WatchFree,allmyvideos,515
WatchFree,letwatch,227
WatchFree,vidbull,1484
WatchFree,sharesix,765
WatchFree,ads,2377
WatchFree,veoh,4
WatchFree,dailymotion,6
WatchFree,daclips,136
WatchFree,uploadc,258
WatchFree,veevr,1
WatchFree,filenuke,598
WatchFree,nosvideo,1079
WatchFree,estream,2434
WatchFree,host,2264
WatchFree,stagevu,45
WatchFree,novamov,775
WatchFree,streamin,1870
